[
  {
    "indicator": "213.165.90.65",
    "type": "IPv4",
    "description": "High-confidence malicious IP (AbuseIPDB)",
    "confidence": 100,
    "country": "GB",
    "created": "2025-09-13T16:19:05.971108",
    "source": "AbuseIPDB"
  },
  {
    "indicator": "35.209.108.223",
    "type": "IPv4",
    "description": "High-confidence malicious IP (AbuseIPDB)",
    "confidence": 100,
    "country": "US",
    "created": "2025-09-13T16:19:05.971118",
    "source": "AbuseIPDB"
  },
  {
    "indicator": "43.157.118.99",
    "type": "IPv4",
    "description": "High-confidence malicious IP (AbuseIPDB)",
    "confidence": 100,
    "country": "DE",
    "created": "2025-09-13T16:19:05.971120",
    "source": "AbuseIPDB"
  },
  {
    "indicator": "107.170.3.139",
    "type": "IPv4",
    "description": "High-confidence malicious IP (AbuseIPDB)",
    "confidence": 100,
    "country": "US",
    "created": "2025-09-13T16:19:05.971121",
    "source": "AbuseIPDB"
  },
  {
    "indicator": "222.107.251.147",
    "type": "IPv4",
    "description": "High-confidence malicious IP (AbuseIPDB)",
    "confidence": 100,
    "country": "KR",
    "created": "2025-09-13T16:19:05.971122",
    "source": "AbuseIPDB"
  },
  {
    "indicator": "193.46.255.103",
    "type": "IPv4",
    "description": "High-confidence malicious IP (AbuseIPDB)",
    "confidence": 100,
    "country": "RO",
    "created": "2025-09-13T16:19:05.971123",
    "source": "AbuseIPDB"
  },
  {
    "indicator": "94.182.168.130",
    "type": "IPv4",
    "description": "High-confidence malicious IP (AbuseIPDB)",
    "confidence": 100,
    "country": "IR",
    "created": "2025-09-13T16:19:05.971124",
    "source": "AbuseIPDB"
  },
  {
    "indicator": "101.227.48.43",
    "type": "IPv4",
    "description": "High-confidence malicious IP (AbuseIPDB)",
    "confidence": 100,
    "country": "CN",
    "created": "2025-09-13T16:19:05.971129",
    "source": "AbuseIPDB"
  },
  {
    "indicator": "188.213.140.170",
    "type": "IPv4",
    "description": "High-confidence malicious IP (AbuseIPDB)",
    "confidence": 100,
    "country": "FR",
    "created": "2025-09-13T16:19:05.971130",
    "source": "AbuseIPDB"
  },
  {
    "indicator": "157.180.41.238",
    "type": "IPv4",
    "description": "High-confidence malicious IP (AbuseIPDB)",
    "confidence": 100,
    "country": "FI",
    "created": "2025-09-13T16:19:05.971131",
    "source": "AbuseIPDB"
  },
  {
    "indicator": "81.30.107.168",
    "type": "IPv4",
    "description": "High-confidence malicious IP (AbuseIPDB)",
    "confidence": 100,
    "country": "LT",
    "created": "2025-09-13T16:19:05.971132",
    "source": "AbuseIPDB"
  },
  {
    "indicator": "193.46.255.217",
    "type": "IPv4",
    "description": "High-confidence malicious IP (AbuseIPDB)",
    "confidence": 100,
    "country": "RO",
    "created": "2025-09-13T16:19:05.971133",
    "source": "AbuseIPDB"
  },
  {
    "indicator": "103.191.92.118",
    "type": "IPv4",
    "description": "High-confidence malicious IP (AbuseIPDB)",
    "confidence": 100,
    "country": "ID",
    "created": "2025-09-13T16:19:05.971133",
    "source": "AbuseIPDB"
  },
  {
    "indicator": "43.154.195.142",
    "type": "IPv4",
    "description": "High-confidence malicious IP (AbuseIPDB)",
    "confidence": 100,
    "country": "HK",
    "created": "2025-09-13T16:19:05.971134",
    "source": "AbuseIPDB"
  },
  {
    "indicator": "205.185.115.224",
    "type": "IPv4",
    "description": "High-confidence malicious IP (AbuseIPDB)",
    "confidence": 100,
    "country": "US",
    "created": "2025-09-13T16:19:05.971135",
    "source": "AbuseIPDB"
  },
  {
    "indicator": "141.98.11.68",
    "type": "IPv4",
    "description": "High-confidence malicious IP (AbuseIPDB)",
    "confidence": 100,
    "country": "LT",
    "created": "2025-09-13T16:19:05.971136",
    "source": "AbuseIPDB"
  },
  {
    "indicator": "193.46.255.159",
    "type": "IPv4",
    "description": "High-confidence malicious IP (AbuseIPDB)",
    "confidence": 100,
    "country": "RO",
    "created": "2025-09-13T16:19:05.971137",
    "source": "AbuseIPDB"
  },
  {
    "indicator": "157.245.78.129",
    "type": "IPv4",
    "description": "High-confidence malicious IP (AbuseIPDB)",
    "confidence": 100,
    "country": "NL",
    "created": "2025-09-13T16:19:05.971139",
    "source": "AbuseIPDB"
  },
  {
    "indicator": "206.168.34.37",
    "type": "IPv4",
    "description": "High-confidence malicious IP (AbuseIPDB)",
    "confidence": 100,
    "country": "US",
    "created": "2025-09-13T16:19:05.971140",
    "source": "AbuseIPDB"
  },
  {
    "indicator": "124.223.35.57",
    "type": "IPv4",
    "description": "High-confidence malicious IP (AbuseIPDB)",
    "confidence": 100,
    "country": "CN",
    "created": "2025-09-13T16:19:05.971141",
    "source": "AbuseIPDB"
  },
  {
    "indicator": "205.185.125.150",
    "type": "IPv4",
    "description": "High-confidence malicious IP (AbuseIPDB)",
    "confidence": 100,
    "country": "US",
    "created": "2025-09-13T16:19:05.971142",
    "source": "AbuseIPDB"
  },
  {
    "indicator": "121.54.191.221",
    "type": "IPv4",
    "description": "High-confidence malicious IP (AbuseIPDB)",
    "confidence": 100,
    "country": "HK",
    "created": "2025-09-13T16:19:05.971143",
    "source": "AbuseIPDB"
  },
  {
    "indicator": "193.46.255.33",
    "type": "IPv4",
    "description": "High-confidence malicious IP (AbuseIPDB)",
    "confidence": 100,
    "country": "RO",
    "created": "2025-09-13T16:19:05.971144",
    "source": "AbuseIPDB"
  },
  {
    "indicator": "152.32.159.212",
    "type": "IPv4",
    "description": "High-confidence malicious IP (AbuseIPDB)",
    "confidence": 100,
    "country": "IN",
    "created": "2025-09-13T16:19:05.971145",
    "source": "AbuseIPDB"
  },
  {
    "indicator": "46.232.106.44",
    "type": "IPv4",
    "description": "High-confidence malicious IP (AbuseIPDB)",
    "confidence": 100,
    "country": "HK",
    "created": "2025-09-13T16:19:05.971146",
    "source": "AbuseIPDB"
  },
  {
    "indicator": "117.50.51.119",
    "type": "IPv4",
    "description": "High-confidence malicious IP (AbuseIPDB)",
    "confidence": 100,
    "country": "CN",
    "created": "2025-09-13T16:19:05.971147",
    "source": "AbuseIPDB"
  },
  {
    "indicator": "112.196.70.142",
    "type": "IPv4",
    "description": "High-confidence malicious IP (AbuseIPDB)",
    "confidence": 100,
    "country": "IN",
    "created": "2025-09-13T16:19:05.971148",
    "source": "AbuseIPDB"
  },
  {
    "indicator": "112.54.142.215",
    "type": "IPv4",
    "description": "High-confidence malicious IP (AbuseIPDB)",
    "confidence": 100,
    "country": "CN",
    "created": "2025-09-13T16:19:05.971149",
    "source": "AbuseIPDB"
  },
  {
    "indicator": "91.237.163.113",
    "type": "IPv4",
    "description": "High-confidence malicious IP (AbuseIPDB)",
    "confidence": 100,
    "country": "RU",
    "created": "2025-09-13T16:19:05.971150",
    "source": "AbuseIPDB"
  },
  {
    "indicator": "154.16.49.41",
    "type": "IPv4",
    "description": "High-confidence malicious IP (AbuseIPDB)",
    "confidence": 100,
    "country": "US",
    "created": "2025-09-13T16:19:05.971151",
    "source": "AbuseIPDB"
  },
  {
    "indicator": "45.78.192.78",
    "type": "IPv4",
    "description": "High-confidence malicious IP (AbuseIPDB)",
    "confidence": 100,
    "country": "SG",
    "created": "2025-09-13T16:19:05.971152",
    "source": "AbuseIPDB"
  },
  {
    "indicator": "193.141.60.76",
    "type": "IPv4",
    "description": "High-confidence malicious IP (AbuseIPDB)",
    "confidence": 100,
    "country": "DE",
    "created": "2025-09-13T16:19:05.971152",
    "source": "AbuseIPDB"
  },
  {
    "indicator": "35.216.245.71",
    "type": "IPv4",
    "description": "High-confidence malicious IP (AbuseIPDB)",
    "confidence": 100,
    "country": "CH",
    "created": "2025-09-13T16:19:05.971153",
    "source": "AbuseIPDB"
  },
  {
    "indicator": "161.132.53.248",
    "type": "IPv4",
    "description": "High-confidence malicious IP (AbuseIPDB)",
    "confidence": 100,
    "country": "PE",
    "created": "2025-09-13T16:19:05.971154",
    "source": "AbuseIPDB"
  },
  {
    "indicator": "103.159.199.42",
    "type": "IPv4",
    "description": "High-confidence malicious IP (AbuseIPDB)",
    "confidence": 100,
    "country": "ID",
    "created": "2025-09-13T16:19:05.971155",
    "source": "AbuseIPDB"
  },
  {
    "indicator": "140.233.190.106",
    "type": "IPv4",
    "description": "High-confidence malicious IP (AbuseIPDB)",
    "confidence": 100,
    "country": "RO",
    "created": "2025-09-13T16:19:05.971156",
    "source": "AbuseIPDB"
  },
  {
    "indicator": "179.40.112.10",
    "type": "IPv4",
    "description": "High-confidence malicious IP (AbuseIPDB)",
    "confidence": 100,
    "country": "AR",
    "created": "2025-09-13T16:19:05.971157",
    "source": "AbuseIPDB"
  },
  {
    "indicator": "124.221.0.143",
    "type": "IPv4",
    "description": "High-confidence malicious IP (AbuseIPDB)",
    "confidence": 100,
    "country": "CN",
    "created": "2025-09-13T16:19:05.971157",
    "source": "AbuseIPDB"
  },
  {
    "indicator": "193.46.255.7",
    "type": "IPv4",
    "description": "High-confidence malicious IP (AbuseIPDB)",
    "confidence": 100,
    "country": "RO",
    "created": "2025-09-13T16:19:05.971158",
    "source": "AbuseIPDB"
  },
  {
    "indicator": "43.157.3.65",
    "type": "IPv4",
    "description": "High-confidence malicious IP (AbuseIPDB)",
    "confidence": 100,
    "country": "DE",
    "created": "2025-09-13T16:19:05.971159",
    "source": "AbuseIPDB"
  },
  {
    "indicator": "193.46.255.20",
    "type": "IPv4",
    "description": "High-confidence malicious IP (AbuseIPDB)",
    "confidence": 100,
    "country": "RO",
    "created": "2025-09-13T16:19:05.971160",
    "source": "AbuseIPDB"
  },
  {
    "indicator": "81.30.107.205",
    "type": "IPv4",
    "description": "High-confidence malicious IP (AbuseIPDB)",
    "confidence": 100,
    "country": "LT",
    "created": "2025-09-13T16:19:05.971161",
    "source": "AbuseIPDB"
  },
  {
    "indicator": "185.196.11.205",
    "type": "IPv4",
    "description": "High-confidence malicious IP (AbuseIPDB)",
    "confidence": 100,
    "country": "CH",
    "created": "2025-09-13T16:19:05.971162",
    "source": "AbuseIPDB"
  },
  {
    "indicator": "195.184.76.141",
    "type": "IPv4",
    "description": "High-confidence malicious IP (AbuseIPDB)",
    "confidence": 100,
    "country": "US",
    "created": "2025-09-13T16:19:05.971163",
    "source": "AbuseIPDB"
  },
  {
    "indicator": "41.111.178.165",
    "type": "IPv4",
    "description": "High-confidence malicious IP (AbuseIPDB)",
    "confidence": 100,
    "country": "DZ",
    "created": "2025-09-13T16:19:05.971163",
    "source": "AbuseIPDB"
  },
  {
    "indicator": "117.252.95.54",
    "type": "IPv4",
    "description": "High-confidence malicious IP (AbuseIPDB)",
    "confidence": 100,
    "country": "IN",
    "created": "2025-09-13T16:19:05.971164",
    "source": "AbuseIPDB"
  },
  {
    "indicator": "192.155.81.124",
    "type": "IPv4",
    "description": "High-confidence malicious IP (AbuseIPDB)",
    "confidence": 100,
    "country": "US",
    "created": "2025-09-13T16:19:05.971166",
    "source": "AbuseIPDB"
  },
  {
    "indicator": "23.97.62.148",
    "type": "IPv4",
    "description": "High-confidence malicious IP (AbuseIPDB)",
    "confidence": 100,
    "country": "SG",
    "created": "2025-09-13T16:19:05.971167",
    "source": "AbuseIPDB"
  },
  {
    "indicator": "64.62.156.187",
    "type": "IPv4",
    "description": "High-confidence malicious IP (AbuseIPDB)",
    "confidence": 100,
    "country": "US",
    "created": "2025-09-13T16:19:05.971168",
    "source": "AbuseIPDB"
  },
  {
    "indicator": "92.63.197.210",
    "type": "IPv4",
    "description": "High-confidence malicious IP (AbuseIPDB)",
    "confidence": 100,
    "country": "NL",
    "created": "2025-09-13T16:19:05.971169",
    "source": "AbuseIPDB"
  }
]