[
  {
    "timestamp": "2025-09-11T00:19:27.405030",
    "log_line": "2025-09-10T19:04:43.337821-05:00 ubuntu-VirtualBox systemd[1]: Stopped target multi-user.target - Multi-User System.",
    "matched_indicator": "multi-user.target"
  },
  {
    "timestamp": "2025-09-11T00:19:28.216893",
    "log_line": "2025-09-10T19:07:45.039133-05:00 ubuntu-VirtualBox systemd[1]: Reached target network.target - Network.",
    "matched_indicator": "network.target"
  },
  {
    "timestamp": "2025-09-11T00:19:28.518605",
    "log_line": "2025-09-10T19:07:51.952304-05:00 ubuntu-VirtualBox systemd[1]: Reached target multi-user.target - Multi-User System.",
    "matched_indicator": "multi-user.target"
  }
]